applicant_id,name,age,gender,employment_type,employer_name,employment_years,monthly_income,existing_emi,loan_amount,loan_tenure,credit_score,bank_balance,city,monthly_expenses,number_of_dependents,total_monthly_obligations,estimated_new_emi,dti_ratio,loan_to_income_ratio,profile_category
APP0001,Harish Chauhan,24,Male,SALARIED,TechNova Solutions Pvt Ltd,1.2,37500.0,16000.0,500000.0,60,584,140000.0,Coimbatore,13500.0,3,29500.0,10746.95,71.33,1.11,HIGH_RISK
APP0002,Satish Singh,51,Female,SALARIED,Horizon Enterprises,6.5,105000.0,21000.0,400000.0,120,695,385000.0,Kolkata,36000.0,1,57000.0,5397.4,25.14,0.32,MEDIUM_RISK
APP0003,Ashish Singh,44,Male,SELF_EMPLOYED,Vanguard Logistics Services,5.7,195000.0,18000.0,750000.0,60,788,850000.0,Jaipur,44000.0,1,62000.0,16120.43,17.5,0.32,LOW_RISK
APP0004,Lavanya Saxena,32,Male,SALARIED,GreenField Consulting,11.8,130000.0,13000.0,1350000.0,120,717,460000.0,Coimbatore,58000.0,2,71000.0,18216.22,24.01,0.87,MEDIUM_RISK
APP0005,Shruti Tiwari,31,Male,SELF_EMPLOYED,Zenith Trading Corp,3.0,135000.0,9000.0,1350000.0,36,730,385000.0,Mysuru,40000.0,1,49000.0,43878.3,39.17,0.83,MEDIUM_RISK
APP0006,Aishwarya Iyer,33,Female,SELF_EMPLOYED,Zenith Trading Corp,6.9,165000.0,6000.0,850000.0,48,782,1050000.0,Ahmedabad,22000.0,2,28000.0,21762.87,16.83,0.43,LOW_RISK
APP0007,Siddharth Choudhury,49,Female,SALARIED,Apex Manufacturing Ltd,5.1,85000.0,10000.0,2350000.0,84,775,675000.0,Ahmedabad,24000.0,0,34000.0,39622.58,58.38,2.3,LOW_RISK
APP0008,Karthik Goel,32,Male,SALARIED,BluePeak Systems Pvt Ltd,3.9,85000.0,18000.0,2450000.0,48,661,215000.0,Chennai,28000.0,2,46000.0,62728.28,94.97,2.4,BORDERLINE
APP0009,Siddharth Sen,53,Female,SALARIED,GreenField Consulting,7.5,185000.0,8000.0,3150000.0,60,805,350000.0,Hyderabad,62000.0,2,70000.0,67705.79,40.92,1.42,LOW_RISK
APP0010,Karthik Malhotra,43,Female,SALARIED,Zenith Logistics Ltd,8.6,60000.0,15000.0,2300000.0,24,702,430000.0,Coimbatore,22000.0,1,37000.0,106664.9,202.77,3.19,MEDIUM_RISK
APP0011,Mukesh Kumar,30,Male,SALARIED,Nexus Software India,15.6,210000.0,0.0,3100000.0,120,752,1075000.0,Pune,44000.0,2,44000.0,41829.85,19.92,1.23,LOW_RISK
APP0012,Varun Mishra,50,Male,SALARIED,Indus Global Analytics,6.0,62500.0,18000.0,1550000.0,24,558,130000.0,Bengaluru,25500.0,3,43500.0,71882.86,143.81,2.07,HIGH_RISK
APP0013,Bhavna Gupta,49,Male,SALARIED,BluePeak Systems Pvt Ltd,7.0,45000.0,7000.0,2800000.0,84,710,100000.0,Coimbatore,20000.0,1,27000.0,47209.88,120.47,5.19,MEDIUM_RISK
APP0014,Vinay Joshi,45,Male,SELF_EMPLOYED,Zenith Trading Corp,4.6,52500.0,14000.0,1850000.0,24,530,20000.0,Kochi,18000.0,3,32000.0,85795.68,190.09,2.94,HIGH_RISK
APP0015,Deepa Menon,47,Male,SALARIED,Indus Global Analytics,7.4,115000.0,5000.0,2450000.0,48,685,85000.0,Bengaluru,50000.0,3,55000.0,62728.28,58.89,1.78,MEDIUM_RISK
APP0016,Neha Mishra,44,Female,SALARIED,Indus Global Analytics,3.0,100000.0,20000.0,2450000.0,36,664,195000.0,Jaipur,26000.0,2,46000.0,79630.99,99.63,2.04,BORDERLINE
APP0017,Sudha Mishra,55,Male,SALARIED,Zenith Logistics Ltd,12.4,140000.0,37000.0,800000.0,60,680,115000.0,Mysuru,32000.0,1,69000.0,17195.12,38.71,0.48,MEDIUM_RISK
APP0018,Pankaj Kulkarni,37,Female,SALARIED,Vertex Digital Services,5.6,115000.0,30000.0,1300000.0,84,647,135000.0,Mumbai,40000.0,1,70000.0,21918.88,45.15,0.94,BORDERLINE
APP0019,Shilpa Mishra,46,Female,SALARIED,GreenField Consulting,6.6,200000.0,0.0,1250000.0,36,802,350000.0,Ahmedabad,56000.0,2,56000.0,40628.05,20.31,0.52,LOW_RISK
APP0020,Swati Iyer,33,Male,SALARIED,TechNova Solutions Pvt Ltd,3.2,85000.0,21000.0,1650000.0,84,703,310000.0,Hyderabad,38000.0,1,59000.0,27820.11,57.44,1.62,MEDIUM_RISK
APP0021,Tarun Reddy,37,Female,SALARIED,Trident Engineering Corp,5.3,37500.0,14000.0,2200000.0,24,576,135000.0,Chennai,18000.0,2,32000.0,102027.29,309.41,4.89,HIGH_RISK
APP0022,Bhupesh Choudhury,42,Female,SALARIED,Zenith Logistics Ltd,13.5,80000.0,6000.0,1700000.0,48,779,300000.0,Hyderabad,20000.0,0,26000.0,43525.75,61.91,1.77,LOW_RISK
APP0023,Pradeep Tiwari,41,Female,SALARIED,Vertex Digital Services,7.4,97500.0,26000.0,2200000.0,36,642,55000.0,Hyderabad,32000.0,3,58000.0,71505.38,100.01,1.88,BORDERLINE
APP0024,Kiran Chauhan,50,Male,SALARIED,TechNova Solutions Pvt Ltd,6.1,82500.0,22000.0,1750000.0,36,673,195000.0,Kochi,30000.0,1,52000.0,56879.28,95.61,1.77,BORDERLINE
APP0025,Sneha Menon,50,Female,SALARIED,Pinnacle Infotech Solutions,7.0,95000.0,22000.0,1000000.0,60,646,185000.0,Kolkata,24000.0,1,46000.0,21493.9,45.78,0.88,BORDERLINE
APP0026,Dinesh Goswami,36,Female,SELF_EMPLOYED,BrightPath Educational Services,3.7,105000.0,18500.0,1960000.0,84,672,200000.0,Kochi,21000.0,3,39500.0,33046.92,49.09,1.56,BORDERLINE
APP0027,Sunita Das,28,Male,SALARIED,Indus Global Analytics,4.9,122500.0,21000.0,1620000.0,48,661,220000.0,Kochi,19500.0,1,40500.0,41477.48,51.0,1.1,BORDERLINE
APP0028,Swati Joshi,39,Male,SELF_EMPLOYED,BrightPath Educational Services,3.2,112500.0,18000.0,1150000.0,36,670,240000.0,Jaipur,22500.0,1,40500.0,37377.81,49.22,0.85,BORDERLINE
APP0029,Sandeep Pandey,45,Female,SALARIED,Apex Manufacturing Ltd,5.3,85000.0,14000.0,1760000.0,84,640,210000.0,Ahmedabad,18000.0,3,32000.0,29674.78,51.38,1.73,BORDERLINE
APP0030,Anand Das,40,Female,SALARIED,Nexus Software India,7.4,122500.0,21500.0,1740000.0,48,675,230000.0,Kochi,42000.0,2,63500.0,44549.88,53.92,1.18,BORDERLINE
APP0031,Aparna Choudhury,33,Female,SALARIED,CloudPulse Technologies,9.9,155000.0,8000.0,1450000.0,120,811,700000.0,Mysuru,44000.0,2,52000.0,19565.57,17.78,0.78,LOW_RISK
APP0032,Renu Rawat,40,Male,SALARIED,GreenField Consulting,6.7,62500.0,12000.0,2200000.0,84,646,135000.0,Ahmedabad,18000.0,1,30000.0,37093.48,78.55,2.93,BORDERLINE
APP0033,Kunal Malhotra,54,Female,SALARIED,BluePeak Systems Pvt Ltd,6.3,215000.0,26000.0,750000.0,36,826,550000.0,Ahmedabad,34000.0,1,60000.0,24376.83,23.43,0.29,LOW_RISK
APP0034,Sudha Goswami,49,Male,SALARIED,Horizon Enterprises,10.2,125000.0,27000.0,2300000.0,24,716,490000.0,Kochi,28000.0,3,55000.0,106664.9,106.93,1.53,MEDIUM_RISK
APP0035,Rupali Rao,53,Female,SALARIED,Nexus Software India,12.3,100000.0,6000.0,2450000.0,48,754,200000.0,Coimbatore,30000.0,0,36000.0,62728.28,68.73,2.04,LOW_RISK
APP0036,Ashish Kumar,52,Male,SALARIED,Apex Manufacturing Ltd,10.4,175000.0,12000.0,2350000.0,48,800,975000.0,Hyderabad,20000.0,2,32000.0,60167.94,41.24,1.12,LOW_RISK
APP0037,Aarav Deshmukh,46,Male,SALARIED,Pinnacle Infotech Solutions,6.8,85000.0,23000.0,1000000.0,60,708,475000.0,Chennai,30000.0,3,53000.0,21493.9,52.35,0.98,MEDIUM_RISK
APP0038,Sarita Dubey,31,Male,SALARIED,Indus Global Analytics,12.9,150000.0,10000.0,850000.0,120,787,550000.0,Pune,36000.0,2,46000.0,11469.47,14.31,0.47,LOW_RISK
APP0039,Monika Bansal,52,Female,SALARIED,GreenField Consulting,9.4,190000.0,20000.0,1950000.0,120,808,175000.0,Kolkata,50000.0,0,70000.0,26312.32,24.37,0.86,LOW_RISK
APP0040,Bhupesh Malhotra,43,Female,SALARIED,GreenField Consulting,4.4,87500.0,34000.0,1400000.0,60,600,95000.0,Chennai,12000.0,3,46000.0,30091.46,73.25,1.33,HIGH_RISK
APP0041,Dinesh Bhardwaj,45,Male,SALARIED,Nexus Software India,5.1,30000.0,10000.0,1300000.0,36,565,40000.0,Pune,13500.0,2,23500.0,42253.18,174.18,3.61,HIGH_RISK
APP0042,Sarita Soni,39,Male,SALARIED,GreenField Consulting,13.4,75000.0,11000.0,1150000.0,84,709,205000.0,Coimbatore,22000.0,1,33000.0,19389.77,40.52,1.28,MEDIUM_RISK
APP0043,Anand Pillai,43,Male,SALARIED,Nexus Software India,13.8,190000.0,0.0,3200000.0,84,819,725000.0,Chennai,58000.0,1,58000.0,53954.15,28.4,1.4,LOW_RISK
APP0044,Gaurav Tripathi,33,Female,SELF_EMPLOYED,UrbanCraft Interiors,19.8,215000.0,16000.0,1750000.0,48,815,1050000.0,Kochi,28000.0,0,44000.0,44805.91,28.28,0.68,LOW_RISK
APP0045,Pankaj Deshmukh,42,Female,SELF_EMPLOYED,Apex Retail Ventures,4.1,117500.0,24000.0,950000.0,84,651,135000.0,Coimbatore,40000.0,1,64000.0,16017.64,34.06,0.67,BORDERLINE
APP0046,Rekha Chauhan,30,Male,SALARIED,Trident Engineering Corp,6.6,140000.0,15000.0,2150000.0,48,713,145000.0,Ahmedabad,34000.0,2,49000.0,55047.27,50.03,1.28,MEDIUM_RISK
APP0047,Aishwarya Malhotra,37,Female,SALARIED,Horizon Enterprises,7.7,100000.0,17000.0,1250000.0,60,726,115000.0,Delhi,36000.0,1,53000.0,26867.38,43.87,1.04,MEDIUM_RISK
APP0048,Lata Sinha,51,Male,SALARIED,GreenField Consulting,13.2,75000.0,9000.0,1900000.0,24,698,115000.0,Chennai,30000.0,2,39000.0,88114.48,129.49,2.11,MEDIUM_RISK
APP0049,Manish Ghosh,44,Male,SALARIED,Pinnacle Infotech Solutions,12.3,90000.0,21000.0,2200000.0,24,712,220000.0,Ahmedabad,20000.0,3,41000.0,102027.29,136.7,2.04,MEDIUM_RISK
APP0050,Aparna Kapoor,37,Male,SALARIED,Apex Manufacturing Ltd,5.2,32500.0,12000.0,1100000.0,36,635,65000.0,Bengaluru,15000.0,3,27000.0,35752.69,146.93,2.82,HIGH_RISK
APP0051,Aparna Malhotra,55,Female,SALARIED,Zenith Logistics Ltd,14.9,165000.0,18000.0,2300000.0,180,775,1175000.0,Bengaluru,54000.0,0,72000.0,25424.18,26.32,1.16,LOW_RISK
APP0052,Mukesh Sinha,43,Female,SALARIED,Indus Global Analytics,16.4,140000.0,12000.0,2450000.0,60,760,875000.0,Delhi,40000.0,0,52000.0,52660.06,46.19,1.46,LOW_RISK
APP0053,Nisha Iyer,50,Male,SALARIED,Zenith Logistics Ltd,10.4,135000.0,9000.0,650000.0,36,731,190000.0,Ahmedabad,32000.0,2,41000.0,21126.59,22.32,0.4,MEDIUM_RISK
APP0054,Kavya Deshmukh,47,Female,SALARIED,Apex Manufacturing Ltd,14.3,110000.0,10000.0,2850000.0,120,806,975000.0,Ahmedabad,34000.0,1,44000.0,38456.47,44.05,2.16,LOW_RISK
APP0055,Hemant Tripathi,49,Male,SELF_EMPLOYED,Zenith Trading Corp,3.4,70000.0,12000.0,1100000.0,84,645,65000.0,Hyderabad,18000.0,1,30000.0,18546.74,43.64,1.31,BORDERLINE
APP0056,Alok Sharma,38,Female,SALARIED,Horizon Enterprises,4.8,30000.0,10000.0,2250000.0,24,546,20000.0,Mysuru,13500.0,3,23500.0,104346.09,381.15,6.25,HIGH_RISK
APP0057,Preeti Rao,42,Male,SALARIED,CloudPulse Technologies,1.5,65000.0,8000.0,400000.0,36,563,145000.0,Mumbai,19500.0,4,27500.0,13000.98,32.31,0.51,HIGH_RISK
APP0058,Vijay Joshi,40,Female,SELF_EMPLOYED,Matrix Healthcare Solutions,2.8,105000.0,14000.0,2450000.0,84,674,235000.0,Mysuru,40000.0,3,54000.0,41308.65,52.67,1.94,BORDERLINE
APP0059,Geeta Bhardwaj,43,Female,SALARIED,Indus Global Analytics,13.9,120000.0,11000.0,2950000.0,24,749,250000.0,Mysuru,36000.0,2,47000.0,136809.32,123.17,2.05,MEDIUM_RISK
APP0060,Manoj Das,24,Female,SALARIED,TechNova Solutions Pvt Ltd,9.0,65000.0,9000.0,1900000.0,84,724,40000.0,Pune,28000.0,2,37000.0,32035.28,63.13,2.44,MEDIUM_RISK
APP0061,Anita Dubey,42,Female,SALARIED,Horizon Enterprises,10.0,45000.0,7000.0,1700000.0,84,727,235000.0,Pune,20000.0,1,27000.0,28663.14,79.25,3.15,MEDIUM_RISK
APP0062,Sneha Kumar,48,Male,SALARIED,Horizon Enterprises,2.8,45000.0,14000.0,2300000.0,24,540,90000.0,Jaipur,21000.0,3,35000.0,106664.9,268.14,4.26,HIGH_RISK
APP0063,Vinay Das,41,Female,SALARIED,Apex Manufacturing Ltd,7.0,80000.0,2000.0,1400000.0,36,773,1150000.0,Ahmedabad,26000.0,2,28000.0,45503.42,59.38,1.46,LOW_RISK
APP0064,Aarav Das,28,Female,SALARIED,CloudPulse Technologies,2.5,35000.0,8000.0,850000.0,12,532,55000.0,Pune,15000.0,2,23000.0,74926.31,236.93,2.02,HIGH_RISK
APP0065,Yash Nair,32,Female,SALARIED,BluePeak Systems Pvt Ltd,4.2,100000.0,12000.0,1450000.0,84,793,725000.0,Jaipur,34000.0,2,46000.0,24447.98,36.45,1.21,LOW_RISK
APP0066,Preeti Venkatesh,23,Male,SALARIED,Vertex Digital Services,2.2,55000.0,24000.0,1800000.0,24,538,40000.0,Delhi,18000.0,4,42000.0,83476.87,195.41,2.73,HIGH_RISK
APP0067,Anjali Kumar,40,Male,SELF_EMPLOYED,Om Enterprises,16.3,140000.0,0.0,1100000.0,84,781,300000.0,Chennai,36000.0,2,36000.0,18546.74,13.25,0.65,LOW_RISK
APP0068,Archana Reddy,38,Male,SALARIED,Apex Manufacturing Ltd,6.5,185000.0,22000.0,3450000.0,120,755,975000.0,Coimbatore,26000.0,1,48000.0,46552.57,37.06,1.55,LOW_RISK
APP0069,Ganesh Agarwal,27,Female,SALARIED,Zenith Logistics Ltd,7.2,65000.0,12000.0,2600000.0,84,647,135000.0,Ahmedabad,18000.0,1,30000.0,43837.75,85.9,3.33,BORDERLINE
APP0070,Mahesh Pillai,22,Female,SALARIED,GreenField Consulting,5.8,70000.0,30000.0,2200000.0,24,641,65000.0,Kochi,15000.0,2,45000.0,102027.29,188.61,2.62,HIGH_RISK
APP0071,Hemant Chatterjee,36,Male,SALARIED,Trident Engineering Corp,7.6,110000.0,10000.0,1700000.0,48,643,205000.0,Coimbatore,42000.0,1,52000.0,43525.75,48.66,1.29,BORDERLINE
APP0072,Sandeep Singh,47,Male,SALARIED,Indus Global Analytics,4.2,52500.0,14000.0,350000.0,48,632,65000.0,Coimbatore,15000.0,3,29000.0,8961.18,43.74,0.56,HIGH_RISK
APP0073,Mukesh Das,42,Male,SALARIED,Indus Global Analytics,9.3,120000.0,23000.0,950000.0,84,704,205000.0,Coimbatore,38000.0,3,61000.0,16017.64,32.51,0.66,MEDIUM_RISK
APP0074,Suresh Gupta,27,Female,SELF_EMPLOYED,Matrix Healthcare Solutions,1.2,35000.0,12000.0,1100000.0,60,635,65000.0,Pune,16500.0,1,28500.0,23643.29,101.84,2.62,HIGH_RISK
APP0075,Pradeep Venkatesh,47,Female,SALARIED,TechNova Solutions Pvt Ltd,12.2,80000.0,7000.0,2500000.0,84,721,430000.0,Jaipur,30000.0,1,37000.0,42151.68,61.44,2.6,MEDIUM_RISK
APP0076,Sunil Hegde,32,Female,SALARIED,Apex Manufacturing Ltd,2.9,50000.0,10000.0,1950000.0,12,548,15000.0,Mysuru,15000.0,2,25000.0,171889.78,363.78,3.25,HIGH_RISK
APP0077,Manish Mishra,31,Male,SALARIED,GreenField Consulting,4.5,170000.0,20000.0,2050000.0,120,799,1125000.0,Mumbai,56000.0,1,76000.0,27661.67,28.04,1.0,LOW_RISK
APP0078,Ramesh Bhattacharya,28,Male,SALARIED,Pinnacle Infotech Solutions,2.1,65000.0,10000.0,2050000.0,36,671,145000.0,Delhi,24000.0,2,34000.0,66630.01,117.89,2.63,BORDERLINE
APP0079,Vidya Sinha,45,Male,SALARIED,TechNova Solutions Pvt Ltd,1.2,47500.0,10000.0,1950000.0,12,539,25000.0,Kochi,16500.0,4,26500.0,171889.78,382.93,3.42,HIGH_RISK
APP0080,Sunita Mehta,35,Male,SALARIED,GreenField Consulting,9.5,130000.0,11000.0,2850000.0,120,733,310000.0,Mumbai,40000.0,3,51000.0,38456.47,38.04,1.83,MEDIUM_RISK
APP0081,Usha Chawla,34,Female,SALARIED,BluePeak Systems Pvt Ltd,12.4,130000.0,25000.0,2500000.0,36,731,295000.0,Jaipur,56000.0,2,81000.0,81256.11,81.74,1.6,MEDIUM_RISK
APP0082,Ajay Reddy,37,Female,SALARIED,Zenith Logistics Ltd,4.5,100000.0,20000.0,2500000.0,48,667,215000.0,Delhi,34000.0,1,54000.0,64008.45,84.01,2.08,BORDERLINE
APP0083,Manoj Sinha,37,Female,SELF_EMPLOYED,Spark Design Studio,7.8,85000.0,10000.0,700000.0,60,665,225000.0,Mysuru,18000.0,3,28000.0,15045.73,29.47,0.69,BORDERLINE
APP0084,Renu Das,28,Male,SALARIED,GreenField Consulting,5.2,25000.0,8000.0,600000.0,12,590,80000.0,Pune,12000.0,2,20000.0,52889.16,243.56,2.0,HIGH_RISK
APP0085,Gaurav Menon,35,Male,SALARIED,Trident Engineering Corp,7.7,195000.0,2000.0,2300000.0,84,788,1050000.0,Pune,32000.0,2,34000.0,38779.55,20.91,0.98,LOW_RISK
APP0086,Karthik Pillai,33,Male,SALARIED,CloudPulse Technologies,11.8,210000.0,6000.0,2400000.0,180,823,625000.0,Jaipur,22000.0,2,28000.0,26529.57,15.49,0.95,LOW_RISK
APP0087,Gayatri Sen,46,Female,SALARIED,Zenith Logistics Ltd,13.5,110000.0,7000.0,2850000.0,36,733,385000.0,Chennai,18000.0,3,25000.0,92631.96,90.57,2.16,MEDIUM_RISK
APP0088,Neetu Kulkarni,44,Female,SALARIED,TechNova Solutions Pvt Ltd,9.2,65000.0,13000.0,2600000.0,36,721,100000.0,Bengaluru,18000.0,3,31000.0,84506.35,150.01,3.33,MEDIUM_RISK
APP0089,Lavanya Dubey,44,Female,SALARIED,Trident Engineering Corp,5.4,135000.0,12000.0,950000.0,48,787,675000.0,Coimbatore,22000.0,1,34000.0,24323.21,26.91,0.59,LOW_RISK
APP0090,Abhishek Sen,49,Male,SALARIED,BluePeak Systems Pvt Ltd,8.8,155000.0,13000.0,1900000.0,84,696,130000.0,Mysuru,48000.0,2,61000.0,32035.28,29.06,1.02,MEDIUM_RISK
APP0091,Divya Nambiar,38,Male,SALARIED,Pinnacle Infotech Solutions,2.1,30000.0,10000.0,1300000.0,60,588,20000.0,Mysuru,12000.0,4,22000.0,27942.07,126.47,3.61,HIGH_RISK
APP0092,Usha Verma,33,Female,SALARIED,Zenith Logistics Ltd,3.9,25000.0,8000.0,1400000.0,60,598,140000.0,Delhi,12000.0,2,20000.0,30091.46,152.37,4.67,HIGH_RISK
APP0093,Aditya Goswami,36,Female,SELF_EMPLOYED,Om Enterprises,11.1,65000.0,5000.0,2750000.0,24,690,145000.0,Bengaluru,26000.0,1,31000.0,127534.11,203.9,3.53,MEDIUM_RISK
APP0094,Ashish Verma,37,Female,SALARIED,BluePeak Systems Pvt Ltd,11.2,70000.0,2000.0,2850000.0,120,792,475000.0,Bengaluru,20000.0,2,22000.0,38456.47,57.79,3.39,LOW_RISK
APP0095,Rakesh Mehta,32,Female,SALARIED,Pinnacle Infotech Solutions,15.1,175000.0,12000.0,2350000.0,180,752,975000.0,Mysuru,22000.0,1,34000.0,25976.87,21.7,1.12,LOW_RISK
APP0096,Nisha Hegde,41,Male,SALARIED,Pinnacle Infotech Solutions,3.2,145000.0,9000.0,1600000.0,120,681,160000.0,Bengaluru,60000.0,3,69000.0,21589.6,21.1,0.92,MEDIUM_RISK
APP0097,Lavanya Malhotra,48,Female,SALARIED,Nexus Software India,5.4,105000.0,27000.0,700000.0,48,745,265000.0,Chennai,44000.0,3,71000.0,17922.37,42.78,0.56,MEDIUM_RISK
APP0098,Riya Deshmukh,25,Male,SALARIED,CloudPulse Technologies,3.0,125000.0,15000.0,1950000.0,60,719,385000.0,Hyderabad,28000.0,1,43000.0,41913.11,45.53,1.3,MEDIUM_RISK
APP0099,Anjali Venkatesh,37,Female,SALARIED,Nexus Software India,7.8,150000.0,0.0,2500000.0,60,785,750000.0,Ahmedabad,20000.0,2,20000.0,53734.75,35.82,1.39,LOW_RISK
APP0100,Vikram Singh,49,Female,SALARIED,Horizon Enterprises,6.2,185000.0,16000.0,2650000.0,120,798,1150000.0,Mumbai,62000.0,0,78000.0,35757.77,27.98,1.19,LOW_RISK
