document_id,applicant_id,document_type,file_path,expected_present,contains_anomaly,anomaly_type,document_format
DOC-APP0001-LOAN,APP0001,loan_application,data/documents/APP0001/loan_application.pdf,True,False,,text_pdf
DOC-APP0001-ID,APP0001,identity_verification,data/documents/APP0001/identity_proof.pdf,True,False,,text_pdf
DOC-APP0001-SALARY,APP0001,salary_slip,data/documents/APP0001/salary_slip.pdf,True,False,,text_pdf
DOC-APP0001-BANK,APP0001,bank_statement,data/documents/APP0001/bank_statement.pdf,True,False,,text_pdf
DOC-APP0002-LOAN,APP0002,loan_application,data/documents/APP0002/loan_application.pdf,True,False,,text_pdf
DOC-APP0002-ID,APP0002,identity_verification,data/documents/APP0002/identity_proof.pdf,True,False,,text_pdf
DOC-APP0002-SALARY,APP0002,salary_slip,data/documents/APP0002/salary_slip.pdf,True,False,,text_pdf
DOC-APP0002-BANK,APP0002,bank_statement,data/documents/APP0002/bank_statement.pdf,True,False,,text_pdf
DOC-APP0003-LOAN,APP0003,loan_application,data/documents/APP0003/loan_application.pdf,True,False,,text_pdf
DOC-APP0003-ID,APP0003,identity_verification,data/documents/APP0003/identity_proof.pdf,True,False,,text_pdf
DOC-APP0003-SALARY,APP0003,income_statement,data/documents/APP0003/income_statement.pdf,True,False,,text_pdf
DOC-APP0003-BANK,APP0003,bank_statement,data/documents/APP0003/bank_statement.pdf,True,False,,text_pdf
DOC-APP0004-LOAN,APP0004,loan_application,data/documents/APP0004/loan_application.pdf,True,False,,text_pdf
DOC-APP0004-ID,APP0004,identity_verification,data/documents/APP0004/identity_proof.pdf,True,False,,text_pdf
DOC-APP0004-SALARY,APP0004,salary_slip,data/documents/APP0004/salary_slip.pdf,True,False,,scanned
DOC-APP0004-BANK,APP0004,bank_statement,data/documents/APP0004/bank_statement.pdf,True,False,,text_pdf
DOC-APP0005-LOAN,APP0005,loan_application,data/documents/APP0005/loan_application.pdf,True,False,,text_pdf
DOC-APP0005-ID,APP0005,identity_verification,data/documents/APP0005/identity_proof.pdf,True,False,,text_pdf
DOC-APP0005-SALARY,APP0005,income_statement,data/documents/APP0005/income_statement.pdf,True,False,,text_pdf
DOC-APP0005-BANK,APP0005,bank_statement,data/documents/APP0005/bank_statement.pdf,True,False,,scanned
DOC-APP0006-LOAN,APP0006,loan_application,data/documents/APP0006/loan_application.pdf,True,False,,text_pdf
DOC-APP0006-ID,APP0006,identity_verification,data/documents/APP0006/identity_proof.pdf,True,False,,text_pdf
DOC-APP0006-SALARY,APP0006,income_statement,data/documents/APP0006/income_statement.pdf,True,False,,text_pdf
DOC-APP0006-BANK,APP0006,bank_statement,data/documents/APP0006/bank_statement.pdf,True,True,INCOME_MISMATCH,text_pdf
DOC-APP0007-LOAN,APP0007,loan_application,data/documents/APP0007/loan_application.pdf,True,False,,text_pdf
DOC-APP0007-ID,APP0007,identity_verification,data/documents/APP0007/identity_proof.pdf,True,False,,text_pdf
DOC-APP0007-SALARY,APP0007,salary_slip,data/documents/APP0007/salary_slip.pdf,True,False,,text_pdf
DOC-APP0007-BANK,APP0007,bank_statement,data/documents/APP0007/bank_statement.pdf,True,True,INCOME_MISMATCH,text_pdf
DOC-APP0008-LOAN,APP0008,loan_application,data/documents/APP0008/loan_application.pdf,True,False,,text_pdf
DOC-APP0008-ID,APP0008,identity_verification,data/documents/APP0008/identity_proof.pdf,True,False,,text_pdf
DOC-APP0008-SALARY,APP0008,salary_slip,data/documents/APP0008/salary_slip.pdf,True,False,,text_pdf
DOC-APP0008-BANK,APP0008,bank_statement,data/documents/APP0008/bank_statement.pdf,True,True,INCOME_MISMATCH,text_pdf
DOC-APP0009-LOAN,APP0009,loan_application,data/documents/APP0009/loan_application.pdf,True,False,,text_pdf
DOC-APP0009-ID,APP0009,identity_verification,data/documents/APP0009/identity_proof.pdf,True,False,,text_pdf
DOC-APP0009-SALARY,APP0009,salary_slip,data/documents/APP0009/salary_slip.pdf,True,False,,scanned
DOC-APP0009-BANK,APP0009,bank_statement,data/documents/APP0009/bank_statement.pdf,True,True,INCOME_MISMATCH,text_pdf
DOC-APP0010-LOAN,APP0010,loan_application,data/documents/APP0010/loan_application.pdf,True,False,,text_pdf
DOC-APP0010-ID,APP0010,identity_verification,data/documents/APP0010/identity_proof.pdf,True,False,,text_pdf
DOC-APP0010-SALARY,APP0010,salary_slip,data/documents/APP0010/salary_slip.pdf,True,False,,text_pdf
DOC-APP0010-BANK,APP0010,bank_statement,data/documents/APP0010/bank_statement.pdf,True,True,INCOME_MISMATCH,scanned
DOC-APP0011-LOAN,APP0011,loan_application,data/documents/APP0011/loan_application.pdf,True,False,,text_pdf
DOC-APP0011-ID,APP0011,identity_verification,data/documents/APP0011/identity_proof.pdf,True,False,,text_pdf
DOC-APP0011-SALARY,APP0011,salary_slip,data/documents/APP0011/salary_slip.pdf,True,True,NAME_MISMATCH,text_pdf
DOC-APP0011-BANK,APP0011,bank_statement,data/documents/APP0011/bank_statement.pdf,True,False,,text_pdf
DOC-APP0012-LOAN,APP0012,loan_application,data/documents/APP0012/loan_application.pdf,True,False,,text_pdf
DOC-APP0012-ID,APP0012,identity_verification,data/documents/APP0012/identity_proof.pdf,True,False,,text_pdf
DOC-APP0012-SALARY,APP0012,salary_slip,data/documents/APP0012/salary_slip.pdf,True,True,NAME_MISMATCH,text_pdf
DOC-APP0012-BANK,APP0012,bank_statement,data/documents/APP0012/bank_statement.pdf,True,False,,text_pdf
DOC-APP0013-LOAN,APP0013,loan_application,data/documents/APP0013/loan_application.pdf,True,False,,text_pdf
DOC-APP0013-ID,APP0013,identity_verification,data/documents/APP0013/identity_proof.pdf,True,False,,text_pdf
DOC-APP0013-SALARY,APP0013,salary_slip,data/documents/APP0013/salary_slip.pdf,True,True,NAME_MISMATCH,text_pdf
DOC-APP0013-BANK,APP0013,bank_statement,data/documents/APP0013/bank_statement.pdf,True,False,,text_pdf
DOC-APP0014-LOAN,APP0014,loan_application,data/documents/APP0014/loan_application.pdf,True,False,,text_pdf
DOC-APP0014-ID,APP0014,identity_verification,data/documents/APP0014/identity_proof.pdf,True,False,,text_pdf
DOC-APP0014-SALARY,APP0014,income_statement,data/documents/APP0014/income_statement.pdf,True,True,NAME_MISMATCH,text_pdf
DOC-APP0014-BANK,APP0014,bank_statement,data/documents/APP0014/bank_statement.pdf,True,False,,text_pdf
DOC-APP0015-LOAN,APP0015,loan_application,data/documents/APP0015/loan_application.pdf,True,False,,text_pdf
DOC-APP0015-ID,APP0015,identity_verification,data/documents/APP0015/identity_proof.pdf,True,False,,text_pdf
DOC-APP0015-SALARY,APP0015,salary_slip,data/documents/APP0015/salary_slip.pdf,True,True,NAME_MISMATCH,text_pdf
DOC-APP0015-BANK,APP0015,bank_statement,data/documents/APP0015/bank_statement.pdf,True,False,,text_pdf
DOC-APP0016-LOAN,APP0016,loan_application,data/documents/APP0016/loan_application.pdf,True,False,,text_pdf
DOC-APP0016-ID,APP0016,identity_verification,data/documents/APP0016/identity_proof.pdf,True,False,,text_pdf
DOC-APP0016-SALARY,APP0016,salary_slip,data/documents/APP0016/salary_slip.pdf,True,False,,text_pdf
DOC-APP0016-BANK,APP0016,bank_statement,data/documents/APP0016/bank_statement.pdf,False,True,MISSING_DOCUMENT,none
DOC-APP0017-LOAN,APP0017,loan_application,data/documents/APP0017/loan_application.pdf,True,False,,text_pdf
DOC-APP0017-ID,APP0017,identity_verification,data/documents/APP0017/identity_proof.pdf,True,False,,text_pdf
DOC-APP0017-SALARY,APP0017,salary_slip,data/documents/APP0017/salary_slip.pdf,False,True,MISSING_DOCUMENT,none
DOC-APP0017-BANK,APP0017,bank_statement,data/documents/APP0017/bank_statement.pdf,True,False,,text_pdf
DOC-APP0018-LOAN,APP0018,loan_application,data/documents/APP0018/loan_application.pdf,True,False,,text_pdf
DOC-APP0018-ID,APP0018,identity_verification,data/documents/APP0018/identity_proof.pdf,False,True,MISSING_DOCUMENT,none
DOC-APP0018-SALARY,APP0018,salary_slip,data/documents/APP0018/salary_slip.pdf,True,False,,text_pdf
DOC-APP0018-BANK,APP0018,bank_statement,data/documents/APP0018/bank_statement.pdf,True,False,,text_pdf
DOC-APP0019-LOAN,APP0019,loan_application,data/documents/APP0019/loan_application.pdf,True,False,,text_pdf
DOC-APP0019-ID,APP0019,identity_verification,data/documents/APP0019/identity_proof.pdf,True,False,,text_pdf
DOC-APP0019-SALARY,APP0019,salary_slip,data/documents/APP0019/salary_slip.pdf,True,False,,text_pdf
DOC-APP0019-BANK,APP0019,bank_statement,data/documents/APP0019/bank_statement.pdf,False,True,MISSING_DOCUMENT,none
DOC-APP0020-LOAN,APP0020,loan_application,data/documents/APP0020/loan_application.pdf,True,False,,text_pdf
DOC-APP0020-ID,APP0020,identity_verification,data/documents/APP0020/identity_proof.pdf,True,False,,text_pdf
DOC-APP0020-SALARY,APP0020,salary_slip,data/documents/APP0020/salary_slip.pdf,False,True,MISSING_DOCUMENT,none
DOC-APP0020-BANK,APP0020,bank_statement,data/documents/APP0020/bank_statement.pdf,True,False,,text_pdf
DOC-APP0021-LOAN,APP0021,loan_application,data/documents/APP0021/loan_application.pdf,True,False,,text_pdf
DOC-APP0021-ID,APP0021,identity_verification,data/documents/APP0021/identity_proof.pdf,True,False,,text_pdf
DOC-APP0021-SALARY,APP0021,salary_slip,data/documents/APP0021/salary_slip.pdf,True,False,,text_pdf
DOC-APP0021-BANK,APP0021,bank_statement,data/documents/APP0021/bank_statement.pdf,True,True,FINANCIAL_INCONSISTENCY,text_pdf
DOC-APP0022-LOAN,APP0022,loan_application,data/documents/APP0022/loan_application.pdf,True,False,,text_pdf
DOC-APP0022-ID,APP0022,identity_verification,data/documents/APP0022/identity_proof.pdf,True,False,,text_pdf
DOC-APP0022-SALARY,APP0022,salary_slip,data/documents/APP0022/salary_slip.pdf,True,False,,text_pdf
DOC-APP0022-BANK,APP0022,bank_statement,data/documents/APP0022/bank_statement.pdf,True,True,FINANCIAL_INCONSISTENCY,text_pdf
DOC-APP0023-LOAN,APP0023,loan_application,data/documents/APP0023/loan_application.pdf,True,False,,text_pdf
DOC-APP0023-ID,APP0023,identity_verification,data/documents/APP0023/identity_proof.pdf,True,False,,text_pdf
DOC-APP0023-SALARY,APP0023,salary_slip,data/documents/APP0023/salary_slip.pdf,True,False,,text_pdf
DOC-APP0023-BANK,APP0023,bank_statement,data/documents/APP0023/bank_statement.pdf,True,True,FINANCIAL_INCONSISTENCY,text_pdf
DOC-APP0024-LOAN,APP0024,loan_application,data/documents/APP0024/loan_application.pdf,True,False,,text_pdf
DOC-APP0024-ID,APP0024,identity_verification,data/documents/APP0024/identity_proof.pdf,True,False,,text_pdf
DOC-APP0024-SALARY,APP0024,salary_slip,data/documents/APP0024/salary_slip.pdf,True,False,,text_pdf
DOC-APP0024-BANK,APP0024,bank_statement,data/documents/APP0024/bank_statement.pdf,True,True,FINANCIAL_INCONSISTENCY,text_pdf
DOC-APP0025-LOAN,APP0025,loan_application,data/documents/APP0025/loan_application.pdf,True,False,,text_pdf
DOC-APP0025-ID,APP0025,identity_verification,data/documents/APP0025/identity_proof.pdf,True,False,,text_pdf
DOC-APP0025-SALARY,APP0025,salary_slip,data/documents/APP0025/salary_slip.pdf,True,False,,text_pdf
DOC-APP0025-BANK,APP0025,bank_statement,data/documents/APP0025/bank_statement.pdf,True,True,FINANCIAL_INCONSISTENCY,text_pdf
DOC-APP0026-LOAN,APP0026,loan_application,data/documents/APP0026/loan_application.pdf,True,False,,text_pdf
DOC-APP0026-ID,APP0026,identity_verification,data/documents/APP0026/identity_proof.pdf,True,False,,text_pdf
DOC-APP0026-SALARY,APP0026,income_statement,data/documents/APP0026/income_statement.pdf,True,False,,text_pdf
DOC-APP0026-BANK,APP0026,bank_statement,data/documents/APP0026/bank_statement.pdf,True,False,,text_pdf
DOC-APP0027-LOAN,APP0027,loan_application,data/documents/APP0027/loan_application.pdf,True,False,,text_pdf
DOC-APP0027-ID,APP0027,identity_verification,data/documents/APP0027/identity_proof.pdf,True,False,,text_pdf
DOC-APP0027-SALARY,APP0027,salary_slip,data/documents/APP0027/salary_slip.pdf,True,False,,text_pdf
DOC-APP0027-BANK,APP0027,bank_statement,data/documents/APP0027/bank_statement.pdf,True,False,,text_pdf
DOC-APP0028-LOAN,APP0028,loan_application,data/documents/APP0028/loan_application.pdf,True,False,,text_pdf
DOC-APP0028-ID,APP0028,identity_verification,data/documents/APP0028/identity_proof.pdf,True,False,,text_pdf
DOC-APP0028-SALARY,APP0028,income_statement,data/documents/APP0028/income_statement.pdf,True,False,,text_pdf
DOC-APP0028-BANK,APP0028,bank_statement,data/documents/APP0028/bank_statement.pdf,True,False,,text_pdf
DOC-APP0029-LOAN,APP0029,loan_application,data/documents/APP0029/loan_application.pdf,True,False,,text_pdf
DOC-APP0029-ID,APP0029,identity_verification,data/documents/APP0029/identity_proof.pdf,True,False,,text_pdf
DOC-APP0029-SALARY,APP0029,salary_slip,data/documents/APP0029/salary_slip.pdf,True,False,,text_pdf
DOC-APP0029-BANK,APP0029,bank_statement,data/documents/APP0029/bank_statement.pdf,True,False,,text_pdf
DOC-APP0030-LOAN,APP0030,loan_application,data/documents/APP0030/loan_application.pdf,True,False,,text_pdf
DOC-APP0030-ID,APP0030,identity_verification,data/documents/APP0030/identity_proof.pdf,True,False,,text_pdf
DOC-APP0030-SALARY,APP0030,salary_slip,data/documents/APP0030/salary_slip.pdf,True,False,,text_pdf
DOC-APP0030-BANK,APP0030,bank_statement,data/documents/APP0030/bank_statement.pdf,True,False,,text_pdf
